/*!40101 SET @OLD_CHARACTER_SET_CLIENT=@@CHARACTER_SET_CLIENT */;
/*!40101 SET @OLD_CHARACTER_SET_RESULTS=@@CHARACTER_SET_RESULTS */;
/*!40101 SET @OLD_COLLATION_CONNECTION=@@COLLATION_CONNECTION */;
/*!40101 SET NAMES utf8 */;
/*!40014 SET @OLD_FOREIGN_KEY_CHECKS=@@FOREIGN_KEY_CHECKS, FOREIGN_KEY_CHECKS=0 */;
/*!40101 SET @OLD_SQL_MODE=@@SQL_MODE, SQL_MODE='NO_AUTO_VALUE_ON_ZERO' */;
/*!40111 SET @OLD_SQL_NOTES=@@SQL_NOTES, SQL_NOTES=0 */;


# Дамп таблицы Genre
# ------------------------------------------------------------

DROP TABLE IF EXISTS `Genre`;

CREATE TABLE `Genre` (
  `id` int(11) unsigned NOT NULL AUTO_INCREMENT,
  `name` varchar(100) NOT NULL DEFAULT '',
  PRIMARY KEY (`id`),
  UNIQUE KEY `name` (`name`)
) ENGINE=InnoDB DEFAULT CHARSET=utf8;

LOCK TABLES `Genre` WRITE;
/*!40000 ALTER TABLE `Genre` DISABLE KEYS */;

INSERT INTO `Genre` (`id`, `name`)
VALUES
	(10015,'Ambient'),
	(10065,'Bass'),
	(10009,'Chillout'),
	(10019,'Classic'),
	(10024,'Classical'),
	(10007,'Dance'),
	(10029,'Decades'),
	(10088,'Deep'),
	(10022,'Easy Listening'),
	(10085,'Electronic'),
	(10012,'Hard'),
	(10006,'House'),
	(10034,'International'),
	(10031,'Jazz'),
	(10105,'Latin'),
	(10016,'Lounge'),
	(10025,'New Age'),
	(10035,'Piano'),
	(10026,'Pop'),
	(10089,'Popular'),
	(10033,'Rock'),
	(10027,'Romantic'),
	(10032,'Smooth Jazz'),
	(10008,'Techno'),
	(10005,'Trance'),
	(10028,'Urban'),
	(10011,'Vocal');

/*!40000 ALTER TABLE `Genre` ENABLE KEYS */;
UNLOCK TABLES;


# Дамп таблицы GenreStation
# ------------------------------------------------------------

DROP TABLE IF EXISTS `GenreStation`;

CREATE TABLE `GenreStation` (
  `id` int(11) unsigned NOT NULL AUTO_INCREMENT,
  `genreId` int(11) unsigned NOT NULL,
  `stationId` int(11) unsigned NOT NULL,
  PRIMARY KEY (`id`),
  UNIQUE KEY `genreId` (`genreId`,`stationId`),
  KEY `fk_genreStation_stationId` (`stationId`),
  CONSTRAINT `fk_genreStation_genreId` FOREIGN KEY (`genreId`) REFERENCES `genre` (`id`) ON DELETE CASCADE ON UPDATE CASCADE,
  CONSTRAINT `fk_genreStation_stationId` FOREIGN KEY (`stationId`) REFERENCES `station` (`id`) ON DELETE CASCADE ON UPDATE CASCADE
) ENGINE=InnoDB DEFAULT CHARSET=utf8;

LOCK TABLES `GenreStation` WRITE;
/*!40000 ALTER TABLE `GenreStation` DISABLE KEYS */;

INSERT INTO `GenreStation` (`id`, `genreId`, `stationId`)
VALUES
	(1480,10005,1001),
	(1481,10005,1002),
	(1485,10005,1007),
	(1486,10005,1008),
	(1488,10005,1010),
	(1483,10005,1090),
	(1484,10005,1125),
	(1482,10005,1175),
	(1490,10005,1176),
	(1487,10005,1178),
	(1491,10005,1346),
	(1489,10005,1402),
	(1515,10006,1004),
	(1533,10006,1007),
	(1541,10006,1010),
	(1516,10006,1047),
	(1520,10006,1056),
	(1532,10006,1057),
	(1529,10006,1058),
	(1519,10006,1066),
	(1525,10006,1092),
	(1527,10006,1104),
	(1531,10006,1117),
	(1542,10006,1124),
	(1537,10006,1137),
	(1518,10006,1174),
	(1539,10006,1180),
	(1538,10006,1182),
	(1521,10006,1209),
	(1534,10006,1210),
	(1536,10006,1286),
	(1523,10006,1289),
	(1522,10006,1290),
	(1517,10006,1295),
	(1524,10006,1324),
	(1528,10006,1327),
	(1526,10006,1349),
	(1530,10006,1353),
	(1540,10006,1400),
	(1535,10006,1402),
	(1502,10007,1001),
	(1503,10007,1002),
	(1514,10007,1005),
	(1496,10007,1006),
	(1511,10007,1010),
	(1512,10007,1056),
	(1507,10007,1069),
	(1492,10007,1070),
	(1513,10007,1092),
	(1509,10007,1125),
	(1506,10007,1175),
	(1498,10007,1176),
	(1508,10007,1183),
	(1494,10007,1209),
	(1493,10007,1210),
	(1500,10007,1213),
	(1505,10007,1286),
	(1510,10007,1290),
	(1499,10007,1294),
	(1501,10007,1295),
	(1497,10007,1324),
	(1495,10007,1351),
	(1504,10007,1400),
	(1591,10008,1014),
	(1583,10008,1036),
	(1585,10008,1059),
	(1589,10008,1066),
	(1593,10008,1124),
	(1588,10008,1182),
	(1586,10008,1276),
	(1595,10008,1280),
	(1584,10008,1288),
	(1594,10008,1289),
	(1592,10008,1347),
	(1596,10008,1350),
	(1590,10008,1353),
	(1587,10008,1355),
	(1563,10009,1003),
	(1568,10009,1011),
	(1577,10009,1012),
	(1572,10009,1064),
	(1573,10009,1067),
	(1564,10009,1068),
	(1580,10009,1137),
	(1565,10009,1142),
	(1579,10009,1174),
	(1569,10009,1180),
	(1581,10009,1208),
	(1567,10009,1224),
	(1566,10009,1275),
	(1582,10009,1280),
	(1578,10009,1285),
	(1574,10009,1292),
	(1576,10009,1355),
	(1570,10009,1400),
	(1571,10009,1402),
	(1575,10009,1404),
	(1649,10011,1002),
	(1651,10011,1006),
	(1675,10011,1009),
	(1668,10011,1047),
	(1669,10011,1058),
	(1654,10011,1069),
	(1659,10011,1070),
	(1670,10011,1092),
	(1650,10011,1125),
	(1672,10011,1137),
	(1652,10011,1142),
	(1658,10011,1175),
	(1664,10011,1176),
	(1673,10011,1177),
	(1666,10011,1180),
	(1656,10011,1183),
	(1674,10011,1184),
	(1662,10011,1209),
	(1667,10011,1210),
	(1660,10011,1213),
	(1665,10011,1275),
	(1653,10011,1278),
	(1663,10011,1294),
	(1671,10011,1295),
	(1661,10011,1351),
	(1655,10011,1400),
	(1657,10011,1404),
	(1679,10012,1005),
	(1689,10012,1008),
	(1676,10012,1009),
	(1680,10012,1016),
	(1682,10012,1036),
	(1678,10012,1060),
	(1683,10012,1091),
	(1686,10012,1124),
	(1684,10012,1177),
	(1685,10012,1181),
	(1692,10012,1209),
	(1691,10012,1230),
	(1681,10012,1276),
	(1690,10012,1293),
	(1677,10012,1294),
	(1687,10012,1296),
	(1688,10012,1346),
	(1629,10015,1003),
	(1618,10015,1012),
	(1619,10015,1064),
	(1621,10015,1067),
	(1628,10015,1068),
	(1625,10015,1208),
	(1622,10015,1280),
	(1620,10015,1285),
	(1623,10015,1292),
	(1627,10015,1347),
	(1626,10015,1350),
	(1624,10015,1401),
	(1551,10016,1003),
	(1543,10016,1011),
	(1547,10016,1047),
	(1554,10016,1058),
	(1550,10016,1068),
	(1558,10016,1105),
	(1556,10016,1137),
	(1553,10016,1174),
	(1544,10016,1180),
	(1559,10016,1184),
	(1561,10016,1208),
	(1549,10016,1224),
	(1548,10016,1275),
	(1545,10016,1278),
	(1546,10016,1292),
	(1562,10016,1295),
	(1555,10016,1349),
	(1557,10016,1352),
	(1552,10016,1400),
	(1560,10016,1402),
	(1643,10019,1014),
	(1637,10019,1069),
	(1635,10019,1090),
	(1640,10019,1104),
	(1645,10019,1124),
	(1636,10019,1125),
	(1638,10019,1183),
	(1642,10019,1280),
	(1648,10019,1293),
	(1641,10019,1296),
	(1639,10019,1324),
	(1646,10019,1326),
	(1647,10019,1347),
	(1644,10019,1353),
	(1883,10022,1017),
	(1878,10022,1018),
	(1884,10022,1019),
	(1887,10022,1020),
	(1895,10022,1050),
	(1886,10022,1052),
	(1871,10022,1061),
	(1896,10022,1093),
	(1885,10022,1108),
	(1894,10022,1109),
	(1888,10022,1118),
	(1877,10022,1119),
	(1873,10022,1120),
	(1880,10022,1121),
	(1872,10022,1132),
	(1879,10022,1173),
	(1892,10022,1187),
	(1876,10022,1188),
	(1875,10022,1197),
	(1890,10022,1297),
	(1889,10022,1298),
	(1882,10022,1303),
	(1881,10022,1306),
	(1874,10022,1322),
	(1891,10022,1420),
	(1893,10022,1421),
	(1910,10024,1017),
	(1917,10024,1052),
	(1916,10024,1094),
	(1915,10024,1306),
	(1911,10024,1342),
	(1912,10024,1343),
	(1914,10024,1344),
	(1913,10024,1345),
	(1868,10025,1017),
	(1860,10025,1018),
	(1862,10025,1043),
	(1867,10025,1052),
	(1870,10025,1108),
	(1863,10025,1109),
	(1865,10025,1120),
	(1861,10025,1121),
	(1864,10025,1303),
	(1869,10025,1306),
	(1866,10025,1406),
	(1784,10026,1021),
	(1788,10026,1024),
	(1797,10026,1042),
	(1800,10026,1051),
	(1789,10026,1071),
	(1799,10026,1110),
	(1790,10026,1131),
	(1795,10026,1139),
	(1798,10026,1140),
	(1796,10026,1141),
	(1787,10026,1186),
	(1794,10026,1228),
	(1792,10026,1229),
	(1791,10026,1299),
	(1785,10026,1305),
	(1786,10026,1358),
	(1793,10026,1417),
	(1906,10027,1019),
	(1904,10027,1054),
	(1897,10027,1061),
	(1900,10027,1108),
	(1903,10027,1132),
	(1907,10027,1173),
	(1905,10027,1187),
	(1901,10027,1188),
	(1899,10027,1197),
	(1909,10027,1202),
	(1902,10027,1297),
	(1898,10027,1322),
	(1908,10027,1420),
	(1928,10028,1038),
	(1923,10028,1042),
	(1929,10028,1071),
	(1932,10028,1140),
	(1930,10028,1202),
	(1927,10028,1229),
	(1931,10028,1273),
	(1926,10028,1299),
	(1924,10028,1305),
	(1925,10028,1322),
	(1815,10029,1022),
	(1821,10029,1024),
	(1828,10029,1038),
	(1816,10029,1039),
	(1830,10029,1046),
	(1831,10029,1093),
	(1824,10029,1141),
	(1820,10029,1186),
	(1832,10029,1202),
	(1817,10029,1214),
	(1826,10029,1227),
	(1819,10029,1228),
	(1822,10029,1229),
	(1827,10029,1273),
	(1823,10029,1299),
	(1829,10029,1307),
	(1825,10029,1354),
	(1818,10029,1358),
	(1848,10031,1020),
	(1847,10031,1026),
	(1851,10031,1041),
	(1858,10031,1048),
	(1854,10031,1054),
	(1845,10031,1055),
	(1846,10031,1072),
	(1857,10031,1093),
	(1850,10031,1111),
	(1849,10031,1118),
	(1859,10031,1128),
	(1856,10031,1187),
	(1843,10031,1188),
	(1844,10031,1197),
	(1852,10031,1297),
	(1853,10031,1298),
	(1855,10031,1415),
	(1833,10032,1020),
	(1839,10032,1041),
	(1840,10032,1111),
	(1834,10032,1118),
	(1837,10032,1173),
	(1838,10032,1187),
	(1842,10032,1188),
	(1841,10032,1197),
	(1835,10032,1297),
	(1836,10032,1298),
	(1813,10033,1022),
	(1812,10033,1037),
	(1801,10033,1046),
	(1807,10033,1049),
	(1811,10033,1129),
	(1804,10033,1130),
	(1802,10033,1131),
	(1806,10033,1132),
	(1805,10033,1139),
	(1808,10033,1141),
	(1814,10033,1214),
	(1809,10033,1227),
	(1803,10033,1356),
	(1810,10033,1418),
	(1942,10034,1023),
	(1944,10034,1027),
	(1945,10034,1043),
	(1950,10034,1054),
	(1952,10034,1110),
	(1951,10034,1140),
	(1941,10034,1197),
	(1943,10034,1304),
	(1946,10034,1414),
	(1947,10034,1415),
	(1948,10034,1416),
	(1949,10034,1421),
	(1922,10035,1018),
	(1918,10035,1052),
	(1920,10035,1055),
	(1919,10035,1094),
	(1921,10035,1306),
	(1597,10065,1013),
	(1603,10065,1015),
	(1602,10065,1091),
	(1598,10065,1105),
	(1609,10065,1177),
	(1600,10065,1181),
	(1610,10065,1184),
	(1608,10065,1198),
	(1615,10065,1210),
	(1616,10065,1230),
	(1613,10065,1275),
	(1611,10065,1289),
	(1612,10065,1290),
	(1604,10065,1291),
	(1617,10065,1292),
	(1601,10065,1293),
	(1607,10065,1325),
	(1599,10065,1348),
	(1606,10065,1352),
	(1614,10065,1401),
	(1605,10065,1403),
	(1938,10085,1048),
	(1937,10085,1071),
	(1933,10085,1109),
	(1940,10085,1140),
	(1936,10085,1332),
	(1939,10085,1354),
	(1934,10085,1406),
	(1935,10085,1407),
	(1632,10088,1137),
	(1630,10088,1174),
	(1631,10088,1182),
	(1633,10088,1348),
	(1634,10088,1355),
	(1694,10089,1001),
	(1693,10089,1002),
	(1696,10089,1003),
	(1705,10089,1004),
	(1757,10089,1005),
	(1711,10089,1006),
	(1698,10089,1007),
	(1720,10089,1008),
	(1750,10089,1009),
	(1732,10089,1010),
	(1697,10089,1011),
	(1708,10089,1012),
	(1731,10089,1013),
	(1774,10089,1014),
	(1734,10089,1015),
	(1776,10089,1016),
	(1718,10089,1036),
	(1721,10089,1047),
	(1764,10089,1053),
	(1712,10089,1056),
	(1736,10089,1057),
	(1725,10089,1058),
	(1717,10089,1059),
	(1737,10089,1060),
	(1715,10089,1064),
	(1719,10089,1066),
	(1748,10089,1067),
	(1699,10089,1068),
	(1726,10089,1069),
	(1724,10089,1070),
	(1709,10089,1090),
	(1768,10089,1091),
	(1713,10089,1092),
	(1783,10089,1104),
	(1700,10089,1105),
	(1763,10089,1117),
	(1773,10089,1124),
	(1716,10089,1125),
	(1727,10089,1137),
	(1701,10089,1142),
	(1758,10089,1174),
	(1706,10089,1175),
	(1762,10089,1176),
	(1723,10089,1177),
	(1729,10089,1178),
	(1730,10089,1180),
	(1756,10089,1181),
	(1740,10089,1182),
	(1765,10089,1183),
	(1759,10089,1184),
	(1722,10089,1198),
	(1767,10089,1208),
	(1743,10089,1209),
	(1747,10089,1210),
	(1753,10089,1213),
	(1745,10089,1215),
	(1733,10089,1224),
	(1741,10089,1230),
	(1707,10089,1275),
	(1772,10089,1276),
	(1710,10089,1278),
	(1777,10089,1280),
	(1760,10089,1285),
	(1769,10089,1286),
	(1761,10089,1288),
	(1749,10089,1289),
	(1742,10089,1290),
	(1766,10089,1291),
	(1738,10089,1292),
	(1775,10089,1293),
	(1746,10089,1294),
	(1735,10089,1295),
	(1782,10089,1296),
	(1752,10089,1324),
	(1771,10089,1325),
	(1780,10089,1326),
	(1754,10089,1327),
	(1778,10089,1346),
	(1781,10089,1347),
	(1751,10089,1348),
	(1728,10089,1349),
	(1779,10089,1350),
	(1703,10089,1351),
	(1744,10089,1352),
	(1770,10089,1353),
	(1739,10089,1355),
	(1695,10089,1400),
	(1755,10089,1401),
	(1702,10089,1402),
	(1704,10089,1403),
	(1714,10089,1404),
	(1958,10105,1027),
	(1962,10105,1304),
	(1954,10105,1414),
	(1956,10105,1415),
	(1957,10105,1416),
	(1953,10105,1417),
	(1955,10105,1418),
	(1961,10105,1419),
	(1959,10105,1420),
	(1960,10105,1421);

/*!40000 ALTER TABLE `GenreStation` ENABLE KEYS */;
UNLOCK TABLES;


# Дамп таблицы Station
# ------------------------------------------------------------

DROP TABLE IF EXISTS `Station`;

CREATE TABLE `Station` (
  `id` int(11) unsigned NOT NULL AUTO_INCREMENT,
  `name` varchar(255) NOT NULL DEFAULT '',
  `slug` varchar(100) NOT NULL DEFAULT '',
  `description` varchar(255) DEFAULT NULL,
  `cover` varchar(255) DEFAULT NULL,
  `url` varchar(255) NOT NULL DEFAULT '',
  `owner` int(1) DEFAULT NULL,
  `foreignId` varchar(255) DEFAULT NULL,
  `recording` int(10) unsigned NOT NULL DEFAULT '0',
  PRIMARY KEY (`id`),
  UNIQUE KEY `slug` (`slug`),
  UNIQUE KEY `name` (`name`),
  UNIQUE KEY `owner` (`owner`,`foreignId`)
) ENGINE=InnoDB DEFAULT CHARSET=utf8;

LOCK TABLES `Station` WRITE;
/*!40000 ALTER TABLE `Station` DISABLE KEYS */;

INSERT INTO `Station` (`id`, `name`, `slug`, `description`, `cover`, `url`, `owner`, `foreignId`, `recording`)
VALUES
	(1001,'Trance','trance','Emotive high energy dance music which embraces melodies, vocals and a true journey of dance music songwriting.','http://cdn-images.audioaddict.com/b/1/0/5/6/7/b10567777ad265dcc63816fa32396654.png','http://prem2.di.fm/trance_aacp?52a6b929ebed9df2d9',1,'trance',0),
	(1002,'Vocal Trance','vocaltrance','Lush vocals paired together with emotive dance music. Beautiful melodies and endless energy.','http://cdn-images.audioaddict.com/3/0/9/f/2/4/309f243a8a181ad83e8c5e15cd4b24c3.png','http://prem2.di.fm/vocaltrance_aacp?52a6b929ebed9df2d9',1,'vocaltrance',0),
	(1003,'Chillout','chillout','Electronic sounds, mellow mid-tempo rhythms, and a groove meant to calm the senses and ease the mind.','http://cdn-images.audioaddict.com/f/d/9/6/c/a/fd96ca5c52508a2755a266ebf506f162.png','http://prem2.di.fm/chillout_aacp?52a6b929ebed9df2d9',1,'chillout',0),
	(1004,'House','house','Born in Chicago and now global, house music is always evolving but remains true to it’s pure 4/4 structure.','http://cdn-images.audioaddict.com/5/3/0/b/6/9/530b699645ddff8d66a2333ae09bb06a.png','http://prem2.di.fm/house_aacp?52a6b929ebed9df2d9',1,'house',0),
	(1005,'Hard Dance','harddance','Concrete kicks and punching rhythms, hard dance is a tougher side of music with sharp edges and aggressive power.','http://cdn-images.audioaddict.com/5/9/d/a/e/5/59dae529a51feb3f90b542f3d33808ec.png','http://prem2.di.fm/harddance_aacp?52a6b929ebed9df2d9',1,'harddance',0),
	(1006,'EuroDance','eurodance','Pop music infused with a high energy 4/4 pulse. Heavy on the synthesizers, the melodies and the vocals.','http://cdn-images.audioaddict.com/4/b/b/2/7/5/4bb2756bcacce0a2bf44ebaaf743f2ab.png','http://prem2.di.fm/eurodance_aacp?52a6b929ebed9df2d9',1,'eurodance',0),
	(1007,'Progressive','progressive','Always moving forward, progressive continues to reinvent itself into new sounds and styles made for the floor.','http://cdn-images.audioaddict.com/3/3/5/5/3/1/3355314492d633a5330c659cfe98fc1b.png','http://prem2.di.fm/progressive_aacp?52a6b929ebed9df2d9',1,'progressive',0),
	(1008,'Goa-Psy Trance','goapsy','A very psychedelic form of trance, Goa-Psy Trance is a sound full of arpeggiated synths and trippy effects.','http://cdn-images.audioaddict.com/4/e/e/e/4/4/4eee448424df2768055ee7503f0251e9.png','http://prem2.di.fm/goapsy_aacp?52a6b929ebed9df2d9',1,'goapsy',0),
	(1009,'Hardcore','hardcore','Strictly for the hardcore. These are the biggest and boldest bangers, and the hardest hitting tracks.','http://cdn-images.audioaddict.com/e/0/5/3/8/5/e05385cf844ef4884a26c19ed254efbf.png','http://prem2.di.fm/hardcore_aacp?52a6b929ebed9df2d9',1,'hardcore',0),
	(1010,'DJ Mixes','djmixes','From techno, deep house, progressive and trance – check out the sounds of the DJ deep in the mix.','http://cdn-images.audioaddict.com/1/3/a/a/0/8/13aa08b5dce2525029c6ddfb8e286dc2.png','http://prem2.di.fm/djmixes_aacp?52a6b929ebed9df2d9',1,'djmixes',0),
	(1011,'Lounge','lounge','Music to chill to. Music made for when it’s all about kicking off your shoes, laying back, and totally relaxing.','http://cdn-images.audioaddict.com/f/6/e/f/f/3/f6eff3e9c3ecf1252201afd1215b55f0.png','http://prem2.di.fm/lounge_aacp?52a6b929ebed9df2d9',1,'lounge',0),
	(1012,'Ambient','ambient','Electronic sounds and atmospheric textures create a genre to enhance your state of mind and take you deeper.','http://cdn-images.audioaddict.com/a/9/4/6/2/f/a9462ff46233f40fe0aa306379ae7cd8.png','http://prem2.di.fm/ambient_aacp?52a6b929ebed9df2d9',1,'ambient',0),
	(1013,'Drum and Bass','drumandbass','Born in the mid 90s, drum and bass is all about fast breakbeats, urban vibes, and rib rattling basslines.','http://cdn-images.audioaddict.com/1/9/8/1/3/f/19813f3ba29ad66caa06bbee4aba558a.png','http://prem2.di.fm/drumandbass_aacp?52a6b929ebed9df2d9',1,'drumandbass',0),
	(1014,'Oldschool Techno & Trance ','classictechno','Go back in time and hear the biggest and best tracks within techno and trance that defined a decade of dance culture.','http://cdn-images.audioaddict.com/2/4/9/d/1/8/249d182058ac9e5631557eb309efe80f.png','http://prem2.di.fm/classictechno_aacp?52a6b929ebed9df2d9',1,'classictechno',0),
	(1015,'Breaks','breaks','Inspired by hip hop and UK rave music, breaks features broken up drum loops and creative samples, synths and fx.','http://cdn-images.audioaddict.com/2/1/b/1/2/9/21b12909a0618017285f62a5af4b2ce5.png','http://prem2.di.fm/breaks_aacp?52a6b929ebed9df2d9',1,'breaks',0),
	(1016,'Gabber','gabber','The hardest form of techno with punishing tracks designed to drive the crowds into a sweaty frenzy.','http://cdn-images.audioaddict.com/d/a/f/c/e/d/dafced37829e69724be99dc375bc5713.png','http://prem2.di.fm/gabber_aacp?52a6b929ebed9df2d9',1,'gabber',0),
	(1017,'Mostly Classical','classical','Listen and Relax, it\'s good for you!','http://cdn-images.audioaddict.com/d/a/1/b/2/3/da1b23698c7a5bf61d9451b63fa60102.png','http://prem2.radiotunes.com/classical_aacp?52a6b929ebed9df2d9',2,'classical',0),
	(1018,'New Age','newage','Soothing sounds of new age and world music!','http://cdn-images.audioaddict.com/4/2/1/9/b/a/4219ba59bf03958ea3ec937f895f4de3.png','http://prem2.radiotunes.com/newage_aacp?52a6b929ebed9df2d9',2,'newage',0),
	(1019,'Classical Guitar','guitar','A mix of classical, spanish, and flamenco guitar','http://cdn-images.audioaddict.com/4/a/5/b/d/8/4a5bd8a8ef55b25cc22712a6360a44af.png','http://prem2.radiotunes.com/guitar_aacp?52a6b929ebed9df2d9',2,'guitar',0),
	(1020,'Smooth Jazz','smoothjazz','The worlds smoothest jazz 24 hours a day','http://cdn-images.audioaddict.com/e/1/f/2/1/2/e1f212ce3e0f994553304226a3a7ba6a.png','http://prem2.radiotunes.com/smoothjazz_aacp?52a6b929ebed9df2d9',2,'smoothjazz',0),
	(1021,'Top Hits','tophits','Who cares about the chart order, less rap & more hits!','http://cdn-images.audioaddict.com/7/e/e/d/7/9/7eed79971605c6ef82a429f51daf2660.png','http://prem2.radiotunes.com/tophits_aacp?52a6b929ebed9df2d9',2,'tophits',0),
	(1022,'80s Hits','the80s','Hear your classic favorites right here!','http://cdn-images.audioaddict.com/d/d/c/5/2/b/ddc52beaef9094a969abac0ea6f32a37.png','http://prem2.radiotunes.com/the80s_aacp?52a6b929ebed9df2d9',2,'the80s',0),
	(1023,'Roots Reggae','rootsreggae','The best of classic and modern Roots Reggae ','http://cdn-images.audioaddict.com/a/7/c/9/2/f/a7c92f2add5a32c55e0743a14b28413b.png','http://prem2.radiotunes.com/rootsreggae_aacp?52a6b929ebed9df2d9',2,'rootsreggae',0),
	(1024,'70s Hits','hit70s','All Hits, All The Time!','http://cdn-images.audioaddict.com/a/d/b/d/3/2/adbd32b909192cade23c9fa110e83a10.png','http://prem2.radiotunes.com/hit70s_aacp?52a6b929ebed9df2d9',2,'hit70s',0),
	(1025,'Country','country','Today\'s Hit Country with a mix of your favorites','http://cdn-images.audioaddict.com/f/1/f/1/e/b/f1f1ebca12d126b41cbf6844c2146b67.png','http://prem2.radiotunes.com/country_aacp?52a6b929ebed9df2d9',2,'country',0),
	(1026,'Jazz Classics','jazzclassics','Classic Jazz hits from the golden age','http://cdn-images.audioaddict.com/6/f/b/d/a/6/6fbda683e29f2d95513ae1e81c09bcb2.png','http://prem2.radiotunes.com/jazzclassics_aacp?52a6b929ebed9df2d9',2,'jazzclassics',0),
	(1027,'Salsa','salsa','Best Salsa Collection now on RadioTunes.com','http://cdn-images.audioaddict.com/2/c/4/e/e/1/2c4ee10034084909be74deb6c2603daf.png','http://prem2.radiotunes.com/salsa_aacp?52a6b929ebed9df2d9',2,'salsa',0),
	(1036,'Techno','techno','Techno is a true musical force full of structure and style. Robotic, mechanical and full of soul, always facing the future.','http://cdn-images.audioaddict.com/7/a/3/1/4/a/7a314a3ff87e31013172e9099d9aa843.png','http://prem2.di.fm/techno_aacp?52a6b929ebed9df2d9',1,'techno',0),
	(1037,'Indie Rock','indierock','Indie, Alternative, and Underground Rock!','http://cdn-images.audioaddict.com/b/9/5/6/7/3/b956739842e2d3ff13fcc9bed6bf2298.png','http://prem2.radiotunes.com/indierock_aacp?52a6b929ebed9df2d9',2,'indierock',0),
	(1038,'Classic Hip-Hop','classicrap','The best in classic hip-hop!!','http://cdn-images.audioaddict.com/a/0/1/1/3/6/a011365ca40c93cece78eb8d6a760f48.png','http://prem2.radiotunes.com/classicrap_aacp?52a6b929ebed9df2d9',2,'classicrap',0),
	(1039,'Oldies','oldies','Three decades of great oldies on RadioTunes.com','http://cdn-images.audioaddict.com/a/5/7/c/5/9/a57c595b698802ad48a56ee6e55b350e.png','http://prem2.radiotunes.com/oldies_aacp?52a6b929ebed9df2d9',2,'oldies',0),
	(1041,'Uptempo Smooth Jazz','uptemposmoothjazz','The world\'s smoothest jazz, grooving 24 hours a day','http://cdn-images.audioaddict.com/e/d/7/c/2/3/ed7c235561953e726289b2741d8f18b4.png','http://prem2.radiotunes.com/uptemposmoothjazz_aacp?52a6b929ebed9df2d9',2,'uptemposmoothjazz',0),
	(1042,'Urban Hits','urbanjamz','Kickin\' with the baddest beats on the \'net','http://cdn-images.audioaddict.com/a/c/b/1/a/4/acb1a4574d77ce4a14f1041fa41e542e.png','http://prem2.radiotunes.com/urbanjamz_aacp?52a6b929ebed9df2d9',2,'urbanjamz',0),
	(1043,'World','world','New Age influenced world music','http://cdn-images.audioaddict.com/c/2/2/9/6/9/c22969655262c08d488fc101449fce54.png','http://prem2.radiotunes.com/world_aacp?52a6b929ebed9df2d9',2,'world',0),
	(1046,'Classic Rock','classicrock','Relive the classic rock sounds of the 70s and 80s','http://cdn-images.audioaddict.com/a/d/1/c/2/0/ad1c202d72b76cf5554dd2ff3f4f1074.png','http://prem2.radiotunes.com/classicrock_aacp?52a6b929ebed9df2d9',2,'classicrock',0),
	(1047,'Soulful House','soulfulhouse','House music saturated with feeling – full of melodies, vocals and true soul. Steady warm 4/4 vibes.','http://cdn-images.audioaddict.com/e/6/5/5/c/d/e655cd614bd4a1c981273a555081c309.png','http://prem2.di.fm/soulfulhouse_aacp?52a6b929ebed9df2d9',1,'soulfulhouse',0),
	(1048,'DaTempo Lounge','datempolounge','Amazing combination of jazz, lounge, bossa, and much more!','http://cdn-images.audioaddict.com/6/4/2/a/f/8/642af8e6ac1cf0486bb67f4b8cf64c8d.png','http://prem2.radiotunes.com/datempolounge_aacp?52a6b929ebed9df2d9',2,'datempolounge',0),
	(1049,'Alternative Rock','altrock','The best Alternative Rock hits you want to hear.','http://cdn-images.audioaddict.com/6/6/c/8/5/7/66c857383f310e38f40d0be275483fc8.png','http://prem2.radiotunes.com/altrock_aacp?52a6b929ebed9df2d9',2,'altrock',0),
	(1050,'Movie Soundtracks','soundtracks','A wide variety of Soundtracks from Movies, show themes, & more!','http://cdn-images.audioaddict.com/6/6/1/c/d/d/661cdd5b24e4ea7a7c1db4ab8c5d1d1b.png','http://prem2.radiotunes.com/soundtracks_aacp?52a6b929ebed9df2d9',2,'soundtracks',0),
	(1051,'Contemporary Christian','christian','Today\'s Christian favorites and undiscovered hits','http://cdn-images.audioaddict.com/3/a/2/5/d/7/3a25d7137e598b3bb8b9123425c34c8d.png','http://prem2.radiotunes.com/christian_aacp?52a6b929ebed9df2d9',2,'christian',0),
	(1052,'Solo Piano','solopiano','Musical journeys with piano masters and talented undiscovered pianists','http://cdn-images.audioaddict.com/a/4/6/3/f/d/a463fd792a2262f8aba639c39bfca97d.png','http://prem2.radiotunes.com/solopiano_aacp?52a6b929ebed9df2d9',2,'solopiano',0),
	(1053,'Future Synthpop','futuresynthpop','Finest selection of futurepop and synthpop.','http://cdn-images.audioaddict.com/e/e/8/5/2/3/ee8523a0d6165465961cb2d0445c4f27.png','http://prem2.di.fm/futuresynthpop_aacp?52a6b929ebed9df2d9',1,'futuresynthpop',0),
	(1054,'Bossa Nova','bossanova','100% pure bossa nova channel, enjoy the sweet flavors of Brazil!','http://cdn-images.audioaddict.com/2/8/2/f/e/f/282fefdd2081e4dae880f69882368abf.png','http://prem2.radiotunes.com/bossanova_aacp?52a6b929ebed9df2d9',2,'bossanova',0),
	(1055,'Piano Jazz','pianojazz','Enjoy the sounds of piano jazz from historic and modern masters.','http://cdn-images.audioaddict.com/4/8/9/a/f/0/489af0f5030fb5831c1cd8994ff4924b.png','http://prem2.radiotunes.com/pianojazz_aacp?52a6b929ebed9df2d9',2,'pianojazz',0),
	(1056,'Electro House','electro','Buzzing basslines, huge kicks, party rocking drops. House music packed full of gigantic bass and massive synths.','http://cdn-images.audioaddict.com/7/4/2/3/8/0/742380673147770eef642532828dbc6c.png','http://prem2.di.fm/electro_aacp?52a6b929ebed9df2d9',1,'electro',0),
	(1057,'Tribal House','tribalhouse','The percussive side of the house and tech house scene, tribal house takes drums and puts them in the forefront.','http://cdn-images.audioaddict.com/5/9/d/5/b/0/59d5b064c1bc9e165850a8d9371d32a5.png','http://prem2.di.fm/tribalhouse_aacp?52a6b929ebed9df2d9',1,'tribalhouse',0),
	(1058,'Funky House','funkyhouse','Focused on the funkiest grooves, with plenty of the guitar licks and clever samples placed around a 4/4 swing.','http://cdn-images.audioaddict.com/3/3/7/0/b/a/3370baa3700e4578558dff57c6443a0f.png','http://prem2.di.fm/funkyhouse_aacp?52a6b929ebed9df2d9',1,'funkyhouse',0),
	(1059,'Minimal','minimal','Minimal fuses elements of house, techno and electronica and strips it back to focus on the spaces between the sound.','http://cdn-images.audioaddict.com/a/9/1/b/1/4/a91b1414a8712794672e3ea1324ffe92.png','http://prem2.di.fm/minimal_aacp?52a6b929ebed9df2d9',1,'minimal',0),
	(1060,'Hardstyle','hardstyle','Hard techno & hardcore. A global phenomenon with powerful kicks, distorted effects and infectious melodies.','http://cdn-images.audioaddict.com/8/b/1/0/3/c/8b103c03fbf78becf042085552e9ef41.png','http://prem2.di.fm/hardstyle_aacp?52a6b929ebed9df2d9',1,'hardstyle',0),
	(1061,'Love Music','lovemusic','Easy listening and Romantic hits from the heart!!','http://cdn-images.audioaddict.com/2/a/3/7/7/2/2a377254859c0e7e20c9575f55ef0029.png','http://prem2.radiotunes.com/lovemusic_aacp?52a6b929ebed9df2d9',2,'lovemusic',0),
	(1064,'Space Dreams','spacemusic','Ambient space music for expanding minds.','http://cdn-images.audioaddict.com/b/e/c/b/e/0/becbe0cb9c3002fc21f97f9e65cf9da1.png','http://prem2.di.fm/spacemusic_aacp?52a6b929ebed9df2d9',1,'spacemusic',0),
	(1066,'Tech House','techhouse','Blending the warmth of house music with the cold structural precision of techno, tech house bridges the divide.','http://cdn-images.audioaddict.com/2/7/b/a/7/0/27ba70234566a810d9dd33745195f088.png','http://prem2.di.fm/techhouse_aacp?52a6b929ebed9df2d9',1,'techhouse',0),
	(1067,'PsyChill','psychill','Downtempo psychedelic dub grooves, goa ambient, and world beats.','http://cdn-images.audioaddict.com/4/5/2/d/1/4/452d14ab72381941b1bd5f94af15678b.png','http://prem2.di.fm/psychill_aacp?52a6b929ebed9df2d9',1,'psychill',0),
	(1068,'Chillout Dreams','chilloutdreams','The perfect musical soundtrack for when you want to close your eyes, get truly comfortable, and drift away.','http://cdn-images.audioaddict.com/1/d/4/f/3/3/1d4f3310f94769b4e2f55ee0887eead3.png','http://prem2.di.fm/chilloutdreams_aacp?52a6b929ebed9df2d9',1,'chilloutdreams',0),
	(1069,'Classic EuroDance','classiceurodance','European pop music born in the 90s full of high energy sounds and big hooks – now heard in gyms and malls worldwide.','http://cdn-images.audioaddict.com/a/9/8/1/5/3/a98153e6c9fcee321fd6dff0c8a6d0ba.png','http://prem2.di.fm/classiceurodance_aacp?52a6b929ebed9df2d9',1,'classiceurodance',0),
	(1070,'Club Sounds','club','The music heard in the biggest venues worldwide. From prime time pushers to deeper house shakers - the sounds of now.','http://cdn-images.audioaddict.com/2/e/e/f/9/8/2eef98b26e5490acc78ff6ab22e04827.png','http://prem2.di.fm/club_aacp?52a6b929ebed9df2d9',1,'club',0),
	(1071,'Dance Hits','dancehits','The hottest dance tunes 24/7','http://cdn-images.audioaddict.com/b/3/7/d/4/4/b37d44703a41eebf6cba7a1d4e942e24.png','http://prem2.radiotunes.com/dancehits_aacp?52a6b929ebed9df2d9',2,'dancehits',0),
	(1072,'Bebop Jazz','bebop','Swinging to the sounds of bebop and straight ahead jazz','http://cdn-images.audioaddict.com/c/6/2/2/c/7/c622c7e60d986c5160778c1e42e62758.png','http://prem2.radiotunes.com/bebop_aacp?52a6b929ebed9df2d9',2,'bebop',0),
	(1090,'Classic Trance','classictrance','The classic melodies, the epic breakdowns and gigantic builds. Re-experience Trance music in her prime.','http://cdn-images.audioaddict.com/4/6/8/0/a/3/4680a3fd0e35f0b2f9bf60c9889d4343.png','http://prem2.di.fm/classictrance_aacp?52a6b929ebed9df2d9',1,'classictrance',0),
	(1091,'Dubstep','dubstep','The wobbles of the bass, the party rocking beats, and the biggest crowd destroying drops.','http://cdn-images.audioaddict.com/7/7/c/1/a/e/77c1aec493eeb9e2a5d22951447fbd48.png','http://prem2.di.fm/dubstep_aacp?52a6b929ebed9df2d9',1,'dubstep',0),
	(1092,'Disco House','discohouse','The feel good sound inspired from 70s disco combined with the warm kick drum of modern house music.','http://cdn-images.audioaddict.com/2/7/9/7/0/5/279705ae85a4e0f529f6f7fbaa47a646.png','http://prem2.di.fm/discohouse_aacp?52a6b929ebed9df2d9',1,'discohouse',0),
	(1093,'American Songbook','americansongbook','Classic standard voices from the likes of Mel Torme & Nat King Cole','http://cdn-images.audioaddict.com/c/d/2/9/1/0/cd2910d2531c4eb9b6e2c64896465416.png','http://prem2.radiotunes.com/americansongbook_aacp?52a6b929ebed9df2d9',2,'americansongbook',0),
	(1094,'Classical Piano Trios','classicalpianotrios','Classical Piano Trios hits!','http://cdn-images.audioaddict.com/9/5/1/f/5/8/951f5865424526f7fca75b4368bea291.png','http://prem2.radiotunes.com/classicalpianotrios_aacp?52a6b929ebed9df2d9',2,'classicalpianotrios',0),
	(1104,'Oldschool House','oldschoolhouse','The biggest classics and secret weapons – this is a true treasure chest of house tracks from back in the day.','http://cdn-images.audioaddict.com/7/d/0/c/e/f/7d0cefbcb479ce257b24471f3d600eba.png','http://prem2.di.fm/oldschoolhouse_aacp?52a6b929ebed9df2d9',1,'oldschoolhouse',0),
	(1105,'Liquid DnB','liquiddnb','Smooth as water, with the fast paced rhythms, liquid DNB flows with rolling ease without losing momentum.','http://cdn-images.audioaddict.com/6/7/5/9/9/a/67599a0b4f3575ea5f6a74fe633899d7.png','http://prem2.di.fm/liquiddnb_aacp?52a6b929ebed9df2d9',1,'liquiddnb',0),
	(1108,'Romantica','romantica','Timeless pop classical voices!','http://cdn-images.audioaddict.com/c/c/a/f/8/4/ccaf8431a27a9630aa21571ed85f9f45.png','http://prem2.radiotunes.com/romantica_aacp?52a6b929ebed9df2d9',2,'romantica',0),
	(1109,'Dreamscapes','dreamscapes','Relax to the sounds of dream and Ibiza style chillout','http://cdn-images.audioaddict.com/b/b/2/0/6/b/bb206b60c76e6a659b27f707c84e1c6f.png','http://prem2.radiotunes.com/dreamscapes_aacp?52a6b929ebed9df2d9',2,'dreamscapes',0),
	(1110,'Jpop','jpop','Fresh hits from Japanese pop culture!','http://cdn-images.audioaddict.com/c/3/a/1/6/2/c3a16217006e7a88e4132d9e7fc95068.png','http://prem2.radiotunes.com/jpop_aacp?52a6b929ebed9df2d9',2,'jpop',0),
	(1111,'Vocal Smooth Jazz','vocalsmoothjazz','The best of vocal smooth jazz!!','http://cdn-images.audioaddict.com/1/1/3/4/2/5/113425d537d2c2bae08f3e223c8206c1.png','http://prem2.radiotunes.com/vocalsmoothjazz_aacp?52a6b929ebed9df2d9',2,'vocalsmoothjazz',0),
	(1117,'Latin House','latinhouse','The sounds of Salsa, Brazilian beats and Latin Jazz with the steady grooves of modern East Coast dance music.','http://cdn-images.audioaddict.com/6/0/1/7/6/e/60176ec05138ad9b621cb92de7f0c8c8.png','http://prem2.di.fm/latinhouse_aacp?52a6b929ebed9df2d9',1,'latinhouse',0),
	(1118,'Smooth Jazz 24\'7','smoothjazz247','Smooth Jazz DJs bring you the best music, 24 hours a day!','http://cdn-images.audioaddict.com/8/c/1/7/d/3/8c17d3bbee777987bf1fd36c6f499f7f.png','http://prem2.radiotunes.com/smoothjazz247_aacp?52a6b929ebed9df2d9',2,'smoothjazz247',0),
	(1119,'Nature','nature','soothing sounds of nature music!','http://cdn-images.audioaddict.com/0/e/3/0/5/a/0e305a3c1b0b16a65bebab87eebd677d.png','http://prem2.radiotunes.com/nature_aacp?52a6b929ebed9df2d9',2,'nature',0),
	(1120,'Relaxation','relaxation','relaxing music for the mind and soul','http://cdn-images.audioaddict.com/0/5/3/b/1/4/053b1460d451f5b4768bc02ef2a67c5b.png','http://prem2.radiotunes.com/relaxation_aacp?52a6b929ebed9df2d9',2,'relaxation',0),
	(1121,'Vocal New Age','vocalnewage','Soothing vocal sounds of new age music!','http://cdn-images.audioaddict.com/0/f/d/8/7/2/0fd8721094e608def0da7f32ec9e5bf0.png','http://prem2.radiotunes.com/vocalnewage_aacp?52a6b929ebed9df2d9',2,'vocalnewage',0),
	(1124,'Oldschool Acid','oldschoolacid','Acid, one of the characteristics of the TB-303, is celebrated here with the best tracks from house, techno and trance.','http://cdn-images.audioaddict.com/7/0/a/7/8/3/70a7830bce8d22eb1a7c868773f443e8.png','http://prem2.di.fm/oldschoolacid_aacp?52a6b929ebed9df2d9',1,'oldschoolacid',0),
	(1125,'Classic Vocal Trance','classicvocaltrance','Classic sounds of Vocal Trance','http://cdn-images.audioaddict.com/1/e/1/8/1/a/1e181a502369be86e3f2e696723c26fe.png','http://prem2.di.fm/classicvocaltrance_aacp?52a6b929ebed9df2d9',1,'classicvocaltrance',0),
	(1128,'Modern Blues','modernblues','Listen to the best in Modern Blues!','http://cdn-images.audioaddict.com/5/d/f/0/5/a/5df05abe2f81e9223a71e80978222e45.png','http://prem2.radiotunes.com/modernblues_aacp?52a6b929ebed9df2d9',2,'modernblues',0),
	(1129,'Metal','metal','Best place for your Metal fix on the net.','http://cdn-images.audioaddict.com/0/e/5/4/a/2/0e54a23b7206225b5957d0a136aa736e.png','http://prem2.radiotunes.com/metal_aacp?52a6b929ebed9df2d9',2,'metal',0),
	(1130,'Hard Rock','hardrock','Bang along with the best Hard Rock tracks anywhere','http://cdn-images.audioaddict.com/1/8/d/b/4/f/18db4fdb832dc1d3cf8643ede3281fdd.png','http://prem2.radiotunes.com/hardrock_aacp?52a6b929ebed9df2d9',2,'hardrock',0),
	(1131,'Modern Rock','modernrock','Where Modern rock lives on the net.','http://cdn-images.audioaddict.com/3/9/c/1/1/1/39c111814969849efbaeae9d1535a98b.png','http://prem2.radiotunes.com/modernrock_aacp?52a6b929ebed9df2d9',2,'modernrock',0),
	(1132,'Soft Rock','softrock','The best in Soft Rock music!','http://cdn-images.audioaddict.com/2/3/b/a/4/a/23ba4a4ff9859eecb47bb0e6e669daec.png','http://prem2.radiotunes.com/softrock_aacp?52a6b929ebed9df2d9',2,'softrock',0),
	(1137,'Deep Nu-Disco','deepnudisco','Elements of house, funk, and disco. Mid-tempo beats, soulful grooves and head nodding selections.','http://cdn-images.audioaddict.com/b/2/a/7/1/5/b2a715bb711ab06822bcaf07fde74d51.png','http://prem2.di.fm/deepnudisco_aacp?52a6b929ebed9df2d9',1,'deepnudisco',0),
	(1139,'Pop Rock','poprock','Pop & rock hits!','http://cdn-images.audioaddict.com/d/f/9/d/f/a/df9dfac4a559d4a455a1a362b65e13af.png','http://prem2.radiotunes.com/poprock_aacp?52a6b929ebed9df2d9',2,'poprock',0),
	(1140,'Club Bollywood','clubbollywood','Dance Hits from Bollywood!!','http://cdn-images.audioaddict.com/9/e/d/0/a/7/9ed0a774306e84bcb6049ca56b384cb6.png','http://prem2.radiotunes.com/clubbollywood_aacp?52a6b929ebed9df2d9',2,'clubbollywood',0),
	(1141,'80s Rock Hits','80srock','Your favorite rock hits from the 80s.','http://cdn-images.audioaddict.com/b/a/9/9/3/e/ba993e502ca3b6aadb156aaadeef05ce.png','http://prem2.radiotunes.com/80srock_aacp?52a6b929ebed9df2d9',2,'80srock',0),
	(1142,'Vocal Chillout','vocalchillout','Relaxing vibes and a collection of vocal songs providing the laid back soundtrack to your day.','http://cdn-images.audioaddict.com/5/7/4/8/8/c/57488ced7c732709c72764636b0065dc.png','http://prem2.di.fm/vocalchillout_aacp?52a6b929ebed9df2d9',1,'vocalchillout',0),
	(1173,'Smooth Lounge','smoothlounge','Relax and unwind with the smoothest lounge vibes.','http://cdn-images.audioaddict.com/5/c/1/5/5/8/5c1558407790b87bce43ab89f5a60b04.png','http://prem2.radiotunes.com/smoothlounge_aacp?52a6b929ebed9df2d9',2,'smoothlounge',0),
	(1174,'Deep House','deephouse','House music crafted for the smaller and mid-sized rooms - deeper tracks full of silky, smooth grooves.','http://cdn-images.audioaddict.com/9/a/1/b/4/6/9a1b469ae251c084465096038312d506.png','http://prem2.di.fm/deephouse_aacp?52a6b929ebed9df2d9',1,'deephouse',0),
	(1175,'Epic Trance','epictrance','Trance in its most boisterous form. Uplifting melodies on top of high energy beats create these euphoric anthems.','http://cdn-images.audioaddict.com/f/1/f/d/f/e/f1fdfea9ba9622ecdee020cc53126e60.png','http://prem2.di.fm/epictrance_aacp?52a6b929ebed9df2d9',1,'epictrance',0),
	(1176,'Hands Up','handsup','A channel showcasing everything from hard dance, trance and happy hardcore to lift the spirits (and the arms).','http://cdn-images.audioaddict.com/d/f/7/7/8/e/df778eed294536f4e858093124aa2be5.png','http://prem2.di.fm/handsup_aacp?52a6b929ebed9df2d9',1,'handsup',0),
	(1177,'Club Dubstep','clubdubstep','The bassbin rattling, speaker-freaking hits of Dubstep – all tried, tested and approved to work in the clubs.','http://cdn-images.audioaddict.com/3/6/b/5/e/7/36b5e73f328251b20120a6bc5365777f.png','http://prem2.di.fm/clubdubstep_aacp?52a6b929ebed9df2d9',1,'clubdubstep',0),
	(1178,'Progressive Psy','progressivepsy','Progress your mind to undiscovered psychedelic dimensions.','http://cdn-images.audioaddict.com/5/f/a/5/6/5/5fa5659badbaf1a4ff817323ee5e998a.png','http://prem2.di.fm/progressivepsy_aacp?52a6b929ebed9df2d9',1,'progressivepsy',0),
	(1180,'Downtempo Lounge','downtempolounge','Head nodding beats, chilled vocals, and lush soundscapes to bring down the sun and start the night.','http://cdn-images.audioaddict.com/f/8/3/3/6/f/f8336fff9bcb4b01a36f2684ecd150c6.png','http://prem2.di.fm/downtempolounge_aacp?52a6b929ebed9df2d9',1,'downtempolounge',0),
	(1181,'Dark DnB','darkdnb','Evil, gritty and twisted Drum & Bass. at 160+ BPM, hear the darkest basslines and the hardest hitting percussion.','http://cdn-images.audioaddict.com/6/e/4/7/c/1/6e47c1d85f09957d568c9535dda75e58.png','http://prem2.di.fm/darkdnb_aacp?52a6b929ebed9df2d9',1,'darkdnb',0),
	(1182,'Deep Tech','deeptech','A fusion of deep house & techno. Punchy grooves, spaced out sounds and forward thinking productions.','http://cdn-images.audioaddict.com/d/3/2/1/7/5/d32175a432f823ce84261c01d4b53f57.png','http://prem2.di.fm/deeptech_aacp?52a6b929ebed9df2d9',1,'deeptech',0),
	(1183,'Classic EuroDisco','classiceurodisco','Conceived in the European discos  in the 70s, evolving through the decades into modern electronic masterpieces.','http://cdn-images.audioaddict.com/0/1/0/a/6/6/010a6648f8afc52654b07c07c68e9cad.png','http://prem2.di.fm/classiceurodisco_aacp?52a6b929ebed9df2d9',1,'classiceurodisco',0),
	(1184,'Liquid Dubstep','liquiddubstep','Smooth, rolling and steady – this fresh formation of Dubstep keeps the sounds you love with a flowing groove.','http://cdn-images.audioaddict.com/6/e/f/6/c/e/6ef6ced4249faec61c8fbc58b10b6343.png','http://prem2.di.fm/liquiddubstep_aacp?52a6b929ebed9df2d9',1,'liquiddubstep',0),
	(1186,'90s Hits','hit90s','Reminisce and relive the hits of the 90s!','http://cdn-images.audioaddict.com/b/e/d/0/d/7/bed0d781b763914f637a1c56376b3007.png','http://prem2.radiotunes.com/hit90s_aacp?52a6b929ebed9df2d9',2,'hit90s',0),
	(1187,'Smooth Bossa Nova','smoothbossanova','The smoothest Bossa Nova direct from Brazil.','http://cdn-images.audioaddict.com/3/e/d/1/f/2/3ed1f2cffb0c6c8d8c7525b73ce1fe7e.png','http://prem2.radiotunes.com/smoothbossanova_aacp?52a6b929ebed9df2d9',2,'smoothbossanova',0),
	(1188,'Mellow Jazz','mellowjazz','Relax and unwind to the Mellow side of Jazz.','http://cdn-images.audioaddict.com/9/6/e/a/4/f/96ea4fc58c86bfa51814902e8e86d454.png','http://prem2.radiotunes.com/mellowjazz_aacp?52a6b929ebed9df2d9',2,'mellowjazz',0),
	(1197,'Café de Paris','cafedeparis','Watch the world go by on a sunny Paris day.','http://cdn-images.audioaddict.com/0/0/d/9/4/2/00d9421894e2c511a56ca45253cbc526.png','http://prem2.radiotunes.com/cafedeparis_aacp?52a6b929ebed9df2d9',2,'cafedeparis',0),
	(1198,'Glitch Hop','glitchhop','The sound of digital malfunctions, electric hum and bit rate distortions perfectly placed alongside laid-back hip hop beats.','http://cdn-images.audioaddict.com/7/3/5/a/b/b/735abb160f950c98e2bd7caf6843e255.png','http://prem2.di.fm/glitchhop_aacp?52a6b929ebed9df2d9',1,'glitchhop',0),
	(1202,'Classic Motown','classicmotown','Relive the hits and discover the early sounds of Motown.','http://cdn-images.audioaddict.com/e/7/2/5/d/e/e725dece5ecc53f6a3b616a9b5aed608.png','http://prem2.radiotunes.com/classicmotown_aacp?52a6b929ebed9df2d9',2,'classicmotown',0),
	(1208,'EcLectronica','eclectronica','Creative music influenced from techno to chill out, indie to IDM – a unique and undefinable listening experience.','http://cdn-images.audioaddict.com/a/6/9/8/6/3/a6986327cf45a01238826449b8209592.png','http://prem2.di.fm/eclectronica_aacp?52a6b929ebed9df2d9',1,'eclectronica',0),
	(1209,'Big Room House','bigroomhouse','Fusing together house elements from the past and the present - prime time music full of uplifting high energy.','http://cdn-images.audioaddict.com/0/4/1/2/5/7/0412578b5e31cf1b68f23c3cb5377139.png','http://prem2.di.fm/bigroomhouse_aacp?52a6b929ebed9df2d9',1,'bigroomhouse',0),
	(1210,'Mainstage','mainstage','The sound of the largest events. From the gargantuan festivals, the huge main rooms and the biggest DJs.','http://cdn-images.audioaddict.com/9/4/e/c/7/c/94ec7cbe0550988bda0cafd2933e5506.png','http://prem2.di.fm/mainstage_aacp?52a6b929ebed9df2d9',1,'mainstage',0),
	(1213,'Russian Club Hits','russianclubhits','Russia\'s hottest club hits.','http://cdn-images.audioaddict.com/5/8/2/6/2/e/58262e338e405ab82ab92aa55f719f86.png','http://prem2.di.fm/russianclubhits_aacp?52a6b929ebed9df2d9',1,'russianclubhits',0),
	(1214,'60s Hits','hit60s','Relive the memories of the 60’s greatest hits.','http://cdn-images.audioaddict.com/f/e/4/6/2/8/fe4628bf575e19a9b3fb44f0495bdd34.png','http://prem2.radiotunes.com/hit60s_aacp?52a6b929ebed9df2d9',2,'hit60s',0),
	(1215,'UMF Radio','umfradio','UMF Radio 24/7','http://cdn-images.audioaddict.com/b/4/5/7/b/9/b457b9fe45596e28a7c4b7b004c82ce4.png','http://prem2.di.fm/umfradio_aacp?52a6b929ebed9df2d9',1,'umfradio',0),
	(1224,'ChillHop','chillhop','Hip hop, trip hop, downtempo beats and jazz, blended together in a mellow, laid back style for perfect listening.','http://cdn-images.audioaddict.com/f/2/3/8/8/b/f2388be364717a3aa33f62411d9e3585.png','http://prem2.di.fm/chillhop_aacp?52a6b929ebed9df2d9',1,'chillhop',0),
	(1227,'60s Rock','60srock','The very best in classic 60s Rock!','http://cdn-images.audioaddict.com/2/1/2/6/9/0/212690fe17ba9a8c7cfbf432d0eaac53.png','http://prem2.radiotunes.com/60srock_aacp?52a6b929ebed9df2d9',2,'60srock',0),
	(1228,'80s Dance','80sdance','The best 80s Dance Party on the web!','http://cdn-images.audioaddict.com/c/b/7/6/e/3/cb76e33a4dbea98bb23f95f7b896c5bf.png','http://prem2.radiotunes.com/80sdance_aacp?52a6b929ebed9df2d9',2,'80sdance',0),
	(1229,'90s R&B','90srnb','The hottest 90s R&B hits and jams!','http://cdn-images.audioaddict.com/7/8/f/6/a/6/78f6a6b917ea40c96bc1f0ec0bb285c7.png','http://prem2.radiotunes.com/90srnb_aacp?52a6b929ebed9df2d9',2,'90srnb',0),
	(1230,'Trap','trap','Born out of Southern Hip-Hop and influenced by techno, trap is analogue drum machines with hip-hop aesthetics.','http://cdn-images.audioaddict.com/8/8/6/e/b/2/886eb22e09893237ff5a851991543e4b.png','http://prem2.di.fm/trap_aacp?52a6b929ebed9df2d9',1,'trap',0),
	(1273,'Old School Funk & Soul','oldschoolfunknsoul','Classic Funky rhythms and Soulful grooves!','http://cdn-images.audioaddict.com/3/2/e/8/1/b/32e81bec8a5b74a1399fb21dc20dd759.png','http://prem2.radiotunes.com/oldschoolfunknsoul_aacp?52a6b929ebed9df2d9',2,'oldschoolfunknsoul',0),
	(1275,'Chillstep','chillstep','The brilliant combination of dubstep rhythms with the mellow grooves of chillout. A unique sound all its own.','http://cdn-images.audioaddict.com/c/e/9/b/d/1/ce9bd1666b49921b440ec796653b24f0.png','http://prem2.di.fm/chillstep_aacp?52a6b929ebed9df2d9',1,'chillstep',0),
	(1276,'Hard Techno','hardtechno','Tough as nails warehouse jams full of cold aggression, sinister structures and pounding rhythms that hit hard.','http://cdn-images.audioaddict.com/5/e/5/1/1/d/5e511d67198b404149e7eaed9858e5d4.png','http://prem2.di.fm/hardtechno_aacp?52a6b929ebed9df2d9',1,'hardtechno',0),
	(1278,'Vocal Lounge','vocallounge','Laid back grooves and a collection of smooth vocals soothe the ears and relax the mind.','http://cdn-images.audioaddict.com/8/4/3/6/f/9/8436f9d3338ba7c8de0e88dbe45ea4d5.png','http://prem2.di.fm/vocallounge_aacp?52a6b929ebed9df2d9',1,'vocallounge',0),
	(1280,'Electronic Pioneers','electronicpioneers','The trailblazers, the renegades and the experimental musicians who gave early inspiration with electronic instruments.','http://cdn-images.audioaddict.com/5/7/4/a/3/3/574a3373b242bed1018c5c99e5021c3f.png','http://prem2.di.fm/electronicpioneers_aacp?52a6b929ebed9df2d9',1,'electronicpioneers',0),
	(1285,'Psybient','psybient','The psychedelic side of ambient.','http://cdn-images.audioaddict.com/a/7/b/0/d/c/a7b0dcee2110e6d01fec96758a639ea3.png','http://prem2.di.fm/psybient_aacp?52a6b929ebed9df2d9',1,'psybient',0),
	(1286,'Electropop','electropop','Catchy pop music blended together with vintage synthesizers and electronic instrumentation. ','http://cdn-images.audioaddict.com/2/8/c/1/e/8/28c1e8587ae6e0b2589b4d66ccd99324.png','http://prem2.di.fm/electropop_aacp?52a6b929ebed9df2d9',1,'electropop',0),
	(1288,'Underground Techno','undergroundtechno','From gritty Berlin streets to dark corners of Brooklyn, this is techno made by artists pushing the genre further. ','http://cdn-images.audioaddict.com/9/f/7/1/0/f/9f710f7f4c2a663bab3ff5551f8669eb.png','http://prem2.di.fm/undergroundtechno_aacp?52a6b929ebed9df2d9',1,'undergroundtechno',0),
	(1289,'Bassline','bassline','Blending together elements of house music, speed garage, and techno – it’s all about the low end frequencies.','http://cdn-images.audioaddict.com/9/1/9/9/6/d/91996d1fed5b9607c625069bcb8d3b52.png','http://prem2.di.fm/bassline_aacp?52a6b929ebed9df2d9',1,'bassline',0),
	(1290,'Bass & Jackin\' House','bassnjackinhouse','From the funkiest grooves to the dirtiest beats. Hard-hitting, high energy 4/4 club cuts to move the masses.','http://cdn-images.audioaddict.com/4/f/e/d/8/9/4fed8974f4cfbbd0712baa8ae2cc2ed2.png','http://prem2.di.fm/bassnjackinhouse_aacp?52a6b929ebed9df2d9',1,'bassnjackinhouse',0),
	(1291,'Drumstep','drumstep','A hybrid of half-time dubstep and intense drum \'n bass.','http://cdn-images.audioaddict.com/1/c/6/0/b/9/1c60b9976b4d861ddc90d668f749fe6f.png','http://prem2.di.fm/drumstep_aacp?52a6b929ebed9df2d9',1,'drumstep',0),
	(1292,'Future Garage','futuregarage','2step Garage rhythms, chunky bass line driven grooves and plenty of forward thinking innovation.','http://cdn-images.audioaddict.com/0/e/9/0/4/2/0e904268ec98b8c0521c30da4ac321bb.png','http://prem2.di.fm/futuregarage_aacp?52a6b929ebed9df2d9',1,'futuregarage',0),
	(1293,'Jungle','jungle','Jungle keeps the breakbeat tempos high and celebrates the diverse ideas found within urban and rave music.','http://cdn-images.audioaddict.com/4/1/e/d/e/7/41ede7b8b43cffcc42876e6e319b7ef3.png','http://prem2.di.fm/jungle_aacp?52a6b929ebed9df2d9',1,'jungle',0),
	(1294,'Nightcore','nightcore','Pitched up vocals, happy hardcore beats, and high energy music non-stop.','http://cdn-images.audioaddict.com/e/f/8/f/b/e/ef8fbe63f86e496f0ce514ee2e85c30a.png','http://prem2.di.fm/nightcore_aacp?52a6b929ebed9df2d9',1,'nightcore',0),
	(1295,'Nu Disco','nudisco','Modern disco music blending the familiar funk of the 70s and 80s with futuristic beats and up to date grooves.','http://cdn-images.audioaddict.com/f/2/3/7/8/a/f2378a19d61a3063a2a6271a29fb1595.png','http://prem2.di.fm/nudisco_aacp?52a6b929ebed9df2d9',1,'nudisco',0),
	(1296,'Oldschool Rave','oldschoolrave','Grab your whistles, white gloves and reach for the laser beams. This is the sound of raving when raving was new.','http://cdn-images.audioaddict.com/b/1/0/c/2/6/b10c2672a6a54a8ae5356f3ddb49b4c1.png','http://prem2.di.fm/oldschoolrave_aacp?52a6b929ebed9df2d9',1,'oldschoolrave',0),
	(1297,'Mellow Smooth Jazz','mellowsmoothjazz','Relaxing Smooth Jazz for your listening pleasure.','http://cdn-images.audioaddict.com/9/d/6/4/a/7/9d64a7ff4a6cb7683bfbb5b87d70e68f.png','http://prem2.radiotunes.com/mellowsmoothjazz_aacp?52a6b929ebed9df2d9',2,'mellowsmoothjazz',0),
	(1298,'Dave Koz & Friends','davekoz','Smooth Jazz selected by Dave Koz himself!','http://cdn-images.audioaddict.com/0/4/5/c/7/a/045c7af721167e9584410a6ae8a3b20b.png','http://prem2.radiotunes.com/davekoz_aacp?52a6b929ebed9df2d9',2,'davekoz',0),
	(1299,'00s R&B','00srnb','The best in R&B from the noughties!','http://cdn-images.audioaddict.com/6/e/b/a/c/6/6ebac69a88916bcdcf8d2398802181bc.png','http://prem2.radiotunes.com/00srnb_aacp?52a6b929ebed9df2d9',2,'00srnb',0),
	(1303,'Meditation','meditation','Music for the mind and body','http://cdn-images.audioaddict.com/c/9/8/c/7/9/c98c792e458c3416874bc89ed8f29aa6.png','http://prem2.radiotunes.com/meditation_aacp?52a6b929ebed9df2d9',2,'meditation',0),
	(1304,'Reggaeton','reggaeton','Reggae rhythms with Latin and Caribbean flavors!','http://cdn-images.audioaddict.com/9/9/1/a/a/b/991aab3a714ac9304d6dc83cf18bf458.png','http://prem2.radiotunes.com/reggaeton_aacp?52a6b929ebed9df2d9',2,'reggaeton',0),
	(1305,'Urban Pop Hits','urbanpophits','The best in Urban crossover hits','http://cdn-images.audioaddict.com/5/9/0/d/9/3/590d931dd746878879e895f51435c447.png','http://prem2.radiotunes.com/urbanpophits_aacp?52a6b929ebed9df2d9',2,'urbanpophits',0),
	(1306,'Relaxing Ambient Piano','relaxingambientpiano','Take time to relax to the sounds of ambient piano','http://cdn-images.audioaddict.com/5/0/0/7/f/1/5007f197563e200ec7f17f36cda8c135.png','http://prem2.radiotunes.com/relaxingambientpiano_aacp?52a6b929ebed9df2d9',2,'relaxingambientpiano',0),
	(1307,'Disco Party','discoparty','The ultimate Disco Party of all time!','http://cdn-images.audioaddict.com/8/8/e/1/f/7/88e1f73d959c7be7daf9d22007ee510c.png','http://prem2.radiotunes.com/discoparty_aacp?52a6b929ebed9df2d9',2,'discoparty',0),
	(1322,'Slow R&B','slowjams','Soulful R&B jams and ballads.','http://cdn-images.audioaddict.com/0/1/1/0/3/3/01103323522791f4415bdea14963cf9f.png','http://prem2.radiotunes.com/slowjams_aacp?52a6b929ebed9df2d9',2,'slowjams',0),
	(1324,'00s Club Hits','00sclubhits','Your favorite dance tunes from the start of the decade. Familiar hits and overlooked classics in abundance.','http://cdn-images.audioaddict.com/1/4/0/3/5/b/14035b0944a3c2e77852b6d0944f381e.png','http://prem2.di.fm/00sclubhits_aacp?52a6b929ebed9df2d9',1,'00sclubhits',0),
	(1325,'Big Beat','bigbeat','Heavily focused on breakbeats and dusty samples. A defining 90s musical movement still going strong today.','http://cdn-images.audioaddict.com/6/f/4/3/2/4/6f4324c4a776101fd91008d739ac3020.png','http://prem2.di.fm/bigbeat_aacp?52a6b929ebed9df2d9',1,'bigbeat',0),
	(1326,'EBM','ebm','Originating in the early 80s as a mix of industrial, punk and electropop, EBM changed the landscape of dance music and is still going strong today. ','http://cdn-images.audioaddict.com/6/6/c/e/a/0/66cea0d1c0548b2bab45db5473db0fe1.png','http://prem2.di.fm/ebm_aacp?52a6b929ebed9df2d9',1,'ebm',0),
	(1327,'Electro Swing','electroswing','The combination of 1920s-1940s jazz and swing music, big band horns and modern day electro house.\r\n','http://cdn-images.audioaddict.com/3/c/5/d/3/4/3c5d349d25bacd3848286956af3a3806.png','http://prem2.di.fm/electroswing_aacp?52a6b929ebed9df2d9',1,'electroswing',0),
	(1332,'EDM Fest','edmfest','The best DJs from the biggest festivals around the world!','http://cdn-images.audioaddict.com/4/e/4/d/6/8/4e4d687860921fec11272a7383b1873d.png','http://prem2.radiotunes.com/edmfest_aacp?52a6b929ebed9df2d9',2,'edmfest',0),
	(1342,'Baroque Period','baroque','Listen to delightful classical music from the Baroque Period (1600-1760)','http://cdn-images.audioaddict.com/6/d/b/d/0/a/6dbd0a3c76b0ee86beb4881745204040.png','http://prem2.radiotunes.com/baroque_aacp?52a6b929ebed9df2d9',2,'baroque',0),
	(1343,'Classical Period','classicalperiod','Enjoy musical compositions from masters of the Classical Period (1730-1820).','http://cdn-images.audioaddict.com/0/7/a/e/3/1/07ae3114ff674784027c0429bcbba69c.png','http://prem2.radiotunes.com/classicalperiod_aacp?52a6b929ebed9df2d9',2,'classicalperiod',0),
	(1344,'Mozart','mozart','Relax to the wonderful works of classical composer Wolfgang Amadeus Mozart (1756-1791).','http://cdn-images.audioaddict.com/e/4/6/8/9/5/e4689551029e515ed57ab3910340d06a.png','http://prem2.radiotunes.com/mozart_aacp?52a6b929ebed9df2d9',2,'mozart',0),
	(1345,'Romantic Period','romantic','Enjoy the best of classical music from the Romantic Period (1780-1910).','http://cdn-images.audioaddict.com/b/2/7/9/1/0/b2791004348fe245c2c154f52597a195.png','http://prem2.radiotunes.com/romantic_aacp?52a6b929ebed9df2d9',2,'romantic',0),
	(1346,'Dark PsyTrance','darkpsytrance','The darker form of PsyTrance, which is a sound all its own – direct from Goa to your headphones.','http://cdn-images.audioaddict.com/0/e/1/0/b/9/0e10b950ca2f3e828becbe3dd3c2d0b3.png','http://prem2.di.fm/darkpsytrance_aacp?52a6b929ebed9df2d9',1,'darkpsytrance',0),
	(1347,'Electronics','electronics','30+ years of open-genre electronic music. From spatial ambient sounds to experimental techno and more.\r\n','http://cdn-images.audioaddict.com/5/6/a/4/2/b/56a42b12df8d27baa163536e7b10d3c7.png','http://prem2.di.fm/electronics_aacp?52a6b929ebed9df2d9',1,'electronics',0),
	(1348,'Dub','dub','An emphasis on the bass and drums, delayed effects, sampled vocals and smokey Reggae inspired vibes.','http://cdn-images.audioaddict.com/e/2/c/8/6/5/e2c865e92c65cfb91ad0e2d3933234e0.png','http://prem2.di.fm/dub_aacp?52a6b929ebed9df2d9',1,'dub',0),
	(1349,'Jazz House','jazzhouse','One of the biggest cultural soundtracks with the infectious thump of house music. Expect sultry saxophones, trumpets, and finger snapping grooves.','http://cdn-images.audioaddict.com/f/4/b/3/3/e/f4b33e8cbd9f0b1776e64f17b9c35abd.png','http://prem2.di.fm/jazzhouse_aacp?52a6b929ebed9df2d9',1,'jazzhouse',0),
	(1350,'IDM','idm','Experimental, influential and pushing the boundaries of electronic music. Truly a sound to experience. ','http://cdn-images.audioaddict.com/4/3/a/6/1/f/43a61fb36b5786b98ab212a32cb8ad99.png','http://prem2.di.fm/idm_aacp?52a6b929ebed9df2d9',1,'idm',0),
	(1351,'Indie Dance','indiedance','The spirit of Rock & Roll with an electronic soul. Club culture and live music combined.','http://cdn-images.audioaddict.com/9/f/7/0/a/d/9f70ad76ec13a6123405c6d7a03325f3.png','http://prem2.di.fm/indiedance_aacp?52a6b929ebed9df2d9',1,'indiedance',0),
	(1352,'Liquid Trap','liquidtrap','The smoother side of Trap but still packed with mechanical grooves and hip hop moods. \r\n','http://cdn-images.audioaddict.com/6/b/5/b/d/6/6b5bd66a99e46fa1258cb565d988ea7c.png','http://prem2.di.fm/liquidtrap_aacp?52a6b929ebed9df2d9',1,'liquidtrap',0),
	(1353,'Detroit House & Techno','detroithousentechno','Where would dance music be without Detroit? The city that started it all continues to inspire and educate. ','http://cdn-images.audioaddict.com/d/7/b/3/1/d/d7b31d5973593af0043fed3f180df702.png','http://prem2.di.fm/detroithousentechno_aacp?52a6b929ebed9df2d9',1,'detroithousentechno',0),
	(1354,'80s Alt & New Wave','80saltnnewwave','The sounds of the 80s underground. Synths, quirky ideas and pioneering musicians. ','http://cdn-images.audioaddict.com/7/9/9/6/1/6/799616ab3c59f7008573c2de097aa731.png','http://prem2.radiotunes.com/80saltnnewwave_aacp?52a6b929ebed9df2d9',2,'80saltnnewwave',0),
	(1355,'Dub Techno','dubtechno','The beloved sounds of deep techno saturated with tape delays, heavy reverb and ice cold atmospherics.','http://cdn-images.audioaddict.com/1/9/d/6/1/0/19d61084830ef94886b32d847fc5d29e.png','http://prem2.di.fm/dubtechno_aacp?52a6b929ebed9df2d9',1,'dubtechno',0),
	(1356,'Blues Rock','bluesrock','A fusion of Blues and Rock.','http://cdn-images.audioaddict.com/0/c/5/0/e/5/0c50e553940dc0e2e66eb0edf813d517.png','http://prem2.radiotunes.com/bluesrock_aacp?52a6b929ebed9df2d9',2,'bluesrock',0),
	(1358,'00s Hits','hit00s','All your favorites from the beginning of the century. Expect familiar favorites and hidden gems. ','http://cdn-images.audioaddict.com/0/9/3/9/0/d/09390d2f89f4bcd38472e41aab392b82.png','http://prem2.radiotunes.com/hit00s_aacp?52a6b929ebed9df2d9',2,'hit00s',0),
	(1400,'Chill & Tropical House','chillntropicalhouse','The sounds of Chill & Tropical House are expertly made for lounging and dancing alike with its deeper house vibes.','http://cdn-images.audioaddict.com/2/9/0/1/e/f/2901ef5c923bb0f9ff856ac4007975f0.png','http://prem2.di.fm/chillntropicalhouse_aacp?52a6b929ebed9df2d9',1,'chillntropicalhouse',0),
	(1401,'Future Beats','futurebeats','Gritty, off-kilter and typically instrumental, the Future Beats sound is perfectly married with modern technology and hip hop idealism.','http://cdn-images.audioaddict.com/1/7/5/0/e/8/1750e893954de9a1e7f3f968fb37d1c7.png','http://prem2.di.fm/futurebeats_aacp?52a6b929ebed9df2d9',1,'futurebeats',0),
	(1402,'Melodic Progressive','melodicprogressive','The melodic side of progressive house, packed with driving rhythms and forward thinking sounds.','http://cdn-images.audioaddict.com/4/4/8/c/f/6/448cf62c2d3c68ede713008015da9bfc.png','http://prem2.di.fm/melodicprogressive_aacp?52a6b929ebed9df2d9',1,'melodicprogressive',0),
	(1403,'Atmospheric Breaks','atmosphericbreaks','Spaced out, melodic and full of warmth - these broken beat dance tunes will keep you dazed and amused.','http://cdn-images.audioaddict.com/3/9/7/3/4/3/397343ffcf5543b60bba72f393e1c3c0.png','http://prem2.di.fm/atmosphericbreaks_aacp?52a6b929ebed9df2d9',1,'atmosphericbreaks',0),
	(1404,'Indie Beats','indiebeats','Smooth, groovy and full of cutting edge, fresh ideas - beats to kick back and enjoy far from the club setting.','http://cdn-images.audioaddict.com/9/1/8/4/2/b/91842b0ec15b8b69e50315dbd3afe03e.png','http://prem2.di.fm/indiebeats_aacp?52a6b929ebed9df2d9',1,'indiebeats',0),
	(1406,'Sleep Relaxation','sleeprelaxation','Relaxing music to help you sleep.','http://cdn-images.audioaddict.com/7/b/4/5/e/1/7b45e129b92b6214493db19a99cdfdd7.png','http://prem2.radiotunes.com/sleeprelaxation_aacp?52a6b929ebed9df2d9',2,'sleeprelaxation',0),
	(1407,'Smooth Beats','smoothbeats','Smooth, groovy and full of cutting edge, fresh ideas - beats to kick back and enjoy far from the club setting.','http://cdn-images.audioaddict.com/b/2/8/7/3/5/b2873536c5f612715210a723ac2f350f.png','http://prem2.radiotunes.com/smoothbeats_aacp?52a6b929ebed9df2d9',2,'smoothbeats',0),
	(1414,'Bolero','bolero','Trios, singers and the greatest Bolero Classics','http://cdn-images.audioaddict.com/6/5/4/0/2/c/65402c7d65278f72cadf719f38fb6511.png','http://prem2.radiotunes.com/bolero_aacp?52a6b929ebed9df2d9',2,'bolero',0),
	(1415,'Cuban Lounge','cubanlounge','Cuban representative sounds from yesterday and today','http://cdn-images.audioaddict.com/9/d/c/3/b/7/9dc3b7e9e3bf8eb42d37fb7abd447200.png','http://prem2.radiotunes.com/cubanlounge_aacp?52a6b929ebed9df2d9',2,'cubanlounge',0),
	(1416,'Flamenco','flamenco','Classics of cante, amazing guitar players and ensembles','http://cdn-images.audioaddict.com/d/5/f/4/1/9/d5f41901b2a46cff272cdd3eb817e2c0.png','http://prem2.radiotunes.com/flamenco_aacp?52a6b929ebed9df2d9',2,'flamenco',0),
	(1417,'Latin Pop Hits','latinpophits','The greatest hits to sing and dance','http://cdn-images.audioaddict.com/c/e/1/a/1/6/ce1a16433136bc9d88894f6a34626450.png','http://prem2.radiotunes.com/latinpophits_aacp?52a6b929ebed9df2d9',2,'latinpophits',0),
	(1418,'Latin Rock','latinrock','The best classics and the new generation of rock','http://cdn-images.audioaddict.com/f/2/1/4/1/f/f2141fe255ff6c5acf90940f42e11abe.png','http://prem2.radiotunes.com/latinrock_aacp?52a6b929ebed9df2d9',2,'latinrock',0),
	(1419,'Norteña','nortena','Narrative songs and poetry from the rural to the urban outskirts\r\n','http://cdn-images.audioaddict.com/8/2/d/d/a/f/82ddaf58a49a8a544c849df06cf7f533.png','http://prem2.radiotunes.com/nortena_aacp?52a6b929ebed9df2d9',2,'nortena',0),
	(1420,'Romántica Latina','romanticalatina','\r\nThe most romantic ballads of history','http://cdn-images.audioaddict.com/d/f/a/8/4/c/dfa84c195bb6e7f3e6ba8d48aa6064fa.png','http://prem2.radiotunes.com/romanticalatina_aacp?52a6b929ebed9df2d9',2,'romanticalatina',0),
	(1421,'Tango','tango','Famous singers, ensembles and melodic nostalgia','http://cdn-images.audioaddict.com/1/9/6/7/a/c/1967ac4380aa9c8b086d34bbe9a5a06a.png','http://prem2.radiotunes.com/tango_aacp?52a6b929ebed9df2d9',2,'tango',0);

/*!40000 ALTER TABLE `Station` ENABLE KEYS */;
UNLOCK TABLES;


# Дамп таблицы StationInfo
# ------------------------------------------------------------

DROP TABLE IF EXISTS `StationInfo`;

CREATE TABLE `StationInfo` (
  `id` int(11) unsigned NOT NULL AUTO_INCREMENT,
  `stationId` int(11) unsigned NOT NULL,
  `text` text,
  PRIMARY KEY (`id`)
) ENGINE=InnoDB DEFAULT CHARSET=utf8;



# Дамп таблицы StationSimilar
# ------------------------------------------------------------

DROP TABLE IF EXISTS `StationSimilar`;

CREATE TABLE `StationSimilar` (
  `id` int(11) unsigned NOT NULL AUTO_INCREMENT,
  `stationId1` int(11) unsigned NOT NULL,
  `stationId2` int(11) unsigned NOT NULL,
  PRIMARY KEY (`id`),
  UNIQUE KEY `stationId1` (`stationId1`,`stationId2`),
  KEY `fk_similar_stationId2` (`stationId2`),
  CONSTRAINT `fk_similar_stationId1` FOREIGN KEY (`stationId1`) REFERENCES `station` (`id`) ON DELETE CASCADE ON UPDATE CASCADE,
  CONSTRAINT `fk_similar_stationId2` FOREIGN KEY (`stationId2`) REFERENCES `station` (`id`) ON DELETE CASCADE ON UPDATE CASCADE
) ENGINE=InnoDB DEFAULT CHARSET=utf8;

LOCK TABLES `StationSimilar` WRITE;
/*!40000 ALTER TABLE `StationSimilar` DISABLE KEYS */;

INSERT INTO `StationSimilar` (`id`, `stationId1`, `stationId2`)
VALUES
	(4280,1001,1002),
	(4310,1001,1007),
	(4373,1001,1010),
	(4507,1001,1090),
	(4510,1001,1125),
	(4409,1001,1175),
	(4329,1001,1215),
	(4277,1002,1001),
	(4323,1002,1006),
	(4503,1002,1070),
	(4508,1002,1090),
	(4511,1002,1125),
	(4410,1002,1175),
	(4530,1002,1183),
	(4283,1003,1011),
	(4379,1003,1012),
	(4357,1003,1067),
	(4484,1003,1068),
	(4289,1003,1142),
	(4370,1003,1180),
	(4295,1003,1224),
	(4298,1003,1275),
	(4309,1004,1007),
	(4451,1004,1047),
	(4461,1004,1057),
	(4464,1004,1058),
	(4526,1004,1092),
	(4476,1004,1104),
	(4542,1004,1117),
	(4467,1004,1137),
	(4389,1004,1295),
	(4395,1004,1349),
	(4413,1004,1353),
	(4367,1005,1009),
	(4481,1005,1060),
	(4500,1005,1176),
	(4436,1005,1276),
	(4494,1006,1069),
	(4501,1006,1176),
	(4351,1006,1294),
	(4374,1007,1010),
	(4304,1007,1402),
	(4358,1008,1067),
	(4363,1008,1178),
	(4433,1008,1326),
	(4497,1008,1346),
	(4320,1009,1005),
	(4424,1009,1016),
	(4482,1009,1060),
	(4502,1009,1176),
	(4352,1009,1294),
	(4380,1011,1012),
	(4290,1011,1142),
	(4371,1011,1180),
	(4296,1011,1224),
	(4326,1011,1278),
	(4479,1012,1064),
	(4364,1012,1178),
	(4448,1012,1280),
	(4382,1012,1285),
	(4421,1013,1015),
	(4516,1013,1091),
	(4487,1013,1105),
	(4490,1013,1181),
	(4365,1013,1289),
	(4439,1013,1291),
	(4335,1013,1293),
	(4398,1013,1325),
	(4401,1013,1348),
	(4477,1014,1104),
	(4545,1014,1124),
	(4449,1014,1280),
	(4473,1014,1296),
	(4414,1014,1353),
	(4385,1015,1013),
	(4488,1015,1105),
	(4491,1015,1181),
	(4336,1015,1293),
	(4399,1015,1325),
	(4402,1015,1348),
	(4271,1015,1403),
	(4649,1017,1019),
	(4685,1017,1050),
	(4560,1017,1052),
	(4750,1017,1094),
	(4688,1017,1108),
	(4691,1018,1043),
	(4633,1018,1119),
	(4617,1018,1121),
	(4658,1019,1027),
	(4778,1019,1416),
	(4605,1020,1041),
	(4566,1020,1111),
	(4571,1020,1118),
	(4581,1020,1173),
	(4588,1020,1297),
	(4667,1020,1298),
	(4557,1021,1022),
	(4630,1021,1025),
	(4738,1021,1042),
	(4703,1021,1051),
	(4548,1021,1061),
	(4627,1021,1071),
	(4772,1021,1110),
	(4744,1021,1140),
	(4608,1021,1358),
	(4672,1021,1417),
	(4764,1021,1418),
	(4585,1022,1024),
	(4631,1022,1025),
	(4741,1022,1038),
	(4704,1022,1051),
	(4549,1022,1061),
	(4577,1022,1132),
	(4602,1022,1228),
	(4707,1022,1354),
	(4775,1023,1304),
	(4591,1024,1039),
	(4646,1024,1214),
	(4753,1024,1307),
	(4676,1026,1055),
	(4735,1026,1072),
	(4751,1026,1094),
	(4655,1026,1128),
	(4779,1027,1416),
	(4406,1036,1014),
	(4539,1036,1053),
	(4317,1036,1059),
	(4332,1036,1066),
	(4546,1036,1124),
	(4458,1036,1182),
	(4354,1036,1230),
	(4437,1036,1276),
	(4470,1036,1288),
	(4434,1036,1326),
	(4429,1036,1347),
	(4412,1036,1353),
	(4418,1036,1355),
	(4620,1037,1049),
	(4720,1037,1130),
	(4714,1037,1139),
	(4739,1038,1042),
	(4643,1038,1229),
	(4652,1038,1273),
	(4647,1039,1214),
	(4679,1039,1227),
	(4554,1041,1020),
	(4614,1041,1048),
	(4567,1041,1111),
	(4572,1041,1118),
	(4668,1041,1298),
	(4551,1042,1021),
	(4742,1042,1038),
	(4628,1042,1071),
	(4644,1042,1229),
	(4653,1042,1273),
	(4639,1042,1299),
	(4776,1042,1304),
	(4697,1042,1305),
	(4563,1043,1018),
	(4618,1043,1121),
	(4599,1046,1141),
	(4680,1046,1227),
	(4717,1046,1356),
	(4333,1047,1066),
	(4454,1047,1174),
	(4340,1047,1290),
	(4396,1047,1349),
	(4303,1047,1351),
	(4294,1047,1400),
	(4650,1048,1019),
	(4625,1048,1023),
	(4659,1048,1027),
	(4635,1048,1054),
	(4594,1048,1109),
	(4580,1048,1173),
	(4664,1048,1187),
	(4611,1048,1188),
	(4582,1048,1197),
	(4624,1048,1407),
	(4749,1048,1415),
	(4756,1049,1037),
	(4709,1049,1129),
	(4721,1049,1130),
	(4759,1049,1131),
	(4715,1049,1139),
	(4596,1050,1017),
	(4597,1052,1017),
	(4752,1052,1094),
	(4641,1052,1303),
	(4435,1053,1326),
	(4651,1054,1019),
	(4626,1054,1023),
	(4660,1054,1027),
	(4615,1054,1048),
	(4665,1054,1187),
	(4612,1054,1188),
	(4583,1054,1197),
	(4684,1054,1414),
	(4748,1054,1415),
	(4780,1054,1416),
	(4375,1056,1010),
	(4348,1056,1209),
	(4316,1056,1210),
	(4355,1056,1230),
	(4523,1056,1286),
	(4445,1056,1327),
	(4543,1057,1117),
	(4452,1058,1047),
	(4462,1058,1057),
	(4544,1058,1117),
	(4397,1058,1349),
	(4442,1059,1036),
	(4471,1059,1288),
	(4321,1060,1005),
	(4368,1060,1009),
	(4425,1060,1016),
	(4438,1060,1276),
	(4689,1061,1108),
	(4578,1061,1132),
	(4723,1061,1322),
	(4661,1061,1420),
	(4783,1061,1421),
	(4360,1064,1008),
	(4381,1064,1012),
	(4444,1066,1036),
	(4344,1066,1056),
	(4463,1066,1057),
	(4455,1066,1174),
	(4459,1066,1182),
	(4349,1066,1209),
	(4341,1066,1290),
	(4361,1067,1008),
	(4383,1067,1285),
	(4286,1068,1003),
	(4480,1068,1064),
	(4291,1068,1142),
	(4327,1068,1278),
	(4305,1068,1402),
	(4324,1069,1006),
	(4531,1069,1183),
	(4513,1070,1177),
	(4314,1070,1210),
	(4376,1070,1213),
	(4524,1070,1286),
	(4415,1070,1324),
	(4552,1071,1021),
	(4740,1071,1042),
	(4773,1071,1110),
	(4745,1071,1140),
	(4603,1071,1228),
	(4765,1071,1332),
	(4732,1072,1026),
	(4636,1072,1054),
	(4677,1072,1055),
	(4700,1072,1093),
	(4584,1072,1197),
	(4278,1090,1001),
	(4281,1090,1002),
	(4407,1090,1014),
	(4547,1090,1124),
	(4512,1090,1125),
	(4411,1090,1175),
	(4514,1091,1177),
	(4492,1091,1181),
	(4299,1091,1275),
	(4366,1091,1289),
	(4440,1091,1291),
	(4400,1091,1348),
	(4465,1092,1058),
	(4468,1092,1137),
	(4390,1092,1295),
	(4733,1093,1026),
	(4561,1093,1052),
	(4656,1093,1128),
	(4766,1093,1202),
	(4598,1094,1017),
	(4686,1094,1050),
	(4562,1094,1052),
	(4690,1094,1108),
	(4474,1104,1296),
	(4386,1105,1013),
	(4520,1105,1184),
	(4432,1105,1352),
	(4272,1105,1403),
	(4662,1108,1420),
	(4692,1109,1043),
	(4569,1109,1120),
	(4619,1109,1121),
	(4555,1111,1020),
	(4606,1111,1041),
	(4573,1111,1118),
	(4589,1111,1297),
	(4669,1111,1298),
	(4556,1118,1020),
	(4607,1118,1041),
	(4568,1118,1111),
	(4590,1118,1297),
	(4564,1119,1018),
	(4570,1119,1120),
	(4675,1119,1406),
	(4595,1120,1109),
	(4634,1120,1119),
	(4642,1120,1303),
	(4712,1120,1306),
	(4673,1120,1406),
	(4565,1121,1018),
	(4693,1121,1043),
	(4408,1124,1014),
	(4478,1124,1104),
	(4450,1124,1280),
	(4475,1124,1296),
	(4282,1125,1002),
	(4495,1125,1069),
	(4509,1125,1090),
	(4532,1125,1183),
	(4736,1128,1072),
	(4719,1128,1356),
	(4722,1129,1130),
	(4757,1130,1037),
	(4574,1130,1046),
	(4621,1130,1049),
	(4710,1130,1129),
	(4760,1130,1131),
	(4600,1130,1141),
	(4553,1131,1021),
	(4579,1131,1132),
	(4716,1131,1139),
	(4550,1132,1061),
	(4601,1132,1141),
	(4663,1132,1420),
	(4311,1137,1004),
	(4466,1137,1058),
	(4527,1137,1092),
	(4456,1137,1174),
	(4758,1139,1037),
	(4622,1139,1049),
	(4711,1139,1129),
	(4761,1139,1131),
	(4763,1139,1418),
	(4558,1141,1022),
	(4575,1141,1046),
	(4708,1141,1354),
	(4718,1141,1356),
	(4287,1142,1003),
	(4485,1142,1068),
	(4328,1142,1278),
	(4666,1173,1187),
	(4623,1173,1407),
	(4312,1174,1004),
	(4453,1174,1047),
	(4528,1174,1092),
	(4469,1174,1137),
	(4460,1174,1182),
	(4279,1175,1001),
	(4322,1176,1005),
	(4369,1176,1009),
	(4483,1176,1060),
	(4353,1176,1294),
	(4422,1177,1015),
	(4493,1177,1181),
	(4362,1178,1008),
	(4359,1178,1067),
	(4384,1178,1285),
	(4498,1178,1346),
	(4284,1180,1011),
	(4521,1180,1184),
	(4403,1180,1208),
	(4297,1180,1224),
	(4275,1180,1404),
	(4387,1181,1013),
	(4423,1181,1015),
	(4517,1181,1091),
	(4489,1181,1105),
	(4313,1182,1004),
	(4308,1182,1007),
	(4318,1182,1059),
	(4334,1182,1066),
	(4457,1182,1174),
	(4404,1182,1208),
	(4472,1182,1288),
	(4342,1182,1290),
	(4420,1182,1355),
	(4306,1182,1402),
	(4325,1183,1006),
	(4496,1183,1069),
	(4391,1183,1295),
	(4518,1184,1091),
	(4515,1184,1177),
	(4338,1184,1292),
	(4431,1184,1352),
	(4632,1186,1025),
	(4705,1186,1051),
	(4609,1186,1358),
	(4678,1188,1055),
	(4737,1188,1072),
	(4701,1188,1093),
	(4734,1197,1026),
	(4616,1197,1048),
	(4637,1197,1054),
	(4613,1197,1188),
	(4537,1198,1401),
	(4586,1202,1024),
	(4687,1202,1050),
	(4702,1202,1093),
	(4657,1202,1128),
	(4654,1202,1273),
	(4540,1208,1053),
	(4319,1208,1059),
	(4427,1208,1347),
	(4534,1208,1350),
	(4345,1209,1056),
	(4504,1209,1070),
	(4315,1209,1210),
	(4377,1209,1213),
	(4330,1209,1215),
	(4356,1209,1230),
	(4416,1209,1324),
	(4346,1210,1056),
	(4505,1210,1070),
	(4350,1210,1209),
	(4378,1210,1213),
	(4331,1210,1215),
	(4525,1210,1286),
	(4417,1210,1324),
	(4587,1214,1024),
	(4592,1214,1039),
	(4767,1214,1202),
	(4681,1214,1227),
	(4288,1224,1003),
	(4285,1224,1011),
	(4486,1224,1068),
	(4372,1224,1180),
	(4522,1224,1184),
	(4392,1224,1198),
	(4405,1224,1208),
	(4300,1224,1275),
	(4536,1224,1401),
	(4593,1227,1039),
	(4576,1227,1046),
	(4648,1227,1214),
	(4559,1228,1022),
	(4629,1228,1071),
	(4774,1228,1110),
	(4746,1228,1140),
	(4754,1228,1307),
	(4706,1228,1354),
	(4640,1229,1299),
	(4724,1229,1322),
	(4519,1230,1091),
	(4394,1230,1198),
	(4339,1230,1292),
	(4430,1230,1352),
	(4538,1230,1401),
	(4743,1273,1038),
	(4768,1273,1202),
	(4604,1273,1228),
	(4645,1273,1229),
	(4755,1273,1307),
	(4725,1273,1322),
	(4273,1275,1403),
	(4426,1276,1016),
	(4428,1280,1347),
	(4499,1285,1346),
	(4347,1286,1056),
	(4506,1286,1070),
	(4529,1286,1092),
	(4446,1286,1327),
	(4443,1288,1036),
	(4343,1289,1290),
	(4388,1293,1013),
	(4441,1293,1291),
	(4447,1295,1327),
	(4302,1295,1351),
	(4293,1295,1400),
	(4337,1296,1293),
	(4698,1299,1305),
	(4610,1299,1358),
	(4713,1303,1306),
	(4638,1305,1299),
	(4777,1305,1304),
	(4674,1306,1406),
	(4699,1322,1305),
	(4541,1326,1053),
	(4533,1326,1350),
	(4694,1342,1343),
	(4731,1342,1344),
	(4771,1342,1345),
	(4726,1343,1342),
	(4730,1343,1344),
	(4769,1343,1345),
	(4728,1344,1342),
	(4696,1344,1343),
	(4770,1344,1345),
	(4727,1345,1342),
	(4695,1345,1343),
	(4729,1345,1344),
	(4535,1347,1350),
	(4419,1348,1355),
	(4292,1351,1400),
	(4274,1351,1404),
	(4301,1400,1351),
	(4393,1401,1198),
	(4276,1401,1404),
	(4307,1402,1007),
	(4747,1414,1415),
	(4784,1414,1419),
	(4682,1415,1414),
	(4782,1415,1421),
	(4781,1416,1421),
	(4762,1417,1418),
	(4786,1417,1419),
	(4670,1418,1417),
	(4683,1420,1414),
	(4671,1420,1417),
	(4785,1420,1419);

/*!40000 ALTER TABLE `StationSimilar` ENABLE KEYS */;
UNLOCK TABLES;


# Дамп таблицы Track
# ------------------------------------------------------------

DROP TABLE IF EXISTS `Track`;

CREATE TABLE `Track` (
  `id` int(11) unsigned NOT NULL AUTO_INCREMENT,
  `stationId` int(11) unsigned NOT NULL,
  `filename` varchar(100) NOT NULL DEFAULT '',
  `duration` int(11) unsigned NOT NULL,
  `lastUsedAt` datetime DEFAULT NULL,
  `createdAt` datetime NOT NULL,
  `endedAt` datetime DEFAULT NULL,
  `info` mediumtext,
  `error` tinyint(11) NOT NULL DEFAULT '0',
  `breaks` int(11) NOT NULL DEFAULT '0',
  `size` int(10) unsigned NOT NULL DEFAULT '0',
  PRIMARY KEY (`id`),
  UNIQUE KEY `filename` (`filename`),
  KEY `lastUsedAt` (`lastUsedAt`),
  KEY `fk_track_stationId` (`stationId`),
  CONSTRAINT `fk_track_stationId` FOREIGN KEY (`stationId`) REFERENCES `Station` (`id`) ON DELETE CASCADE ON UPDATE CASCADE
) ENGINE=InnoDB DEFAULT CHARSET=utf8;




/*!40111 SET SQL_NOTES=@OLD_SQL_NOTES */;
/*!40101 SET SQL_MODE=@OLD_SQL_MODE */;
/*!40014 SET FOREIGN_KEY_CHECKS=@OLD_FOREIGN_KEY_CHECKS */;
/*!40101 SET CHARACTER_SET_CLIENT=@OLD_CHARACTER_SET_CLIENT */;
/*!40101 SET CHARACTER_SET_RESULTS=@OLD_CHARACTER_SET_RESULTS */;
/*!40101 SET COLLATION_CONNECTION=@OLD_COLLATION_CONNECTION */;
